name,email
lead1,premchand17062005y@gmail.com
lead2,lead2@test.com
lead3,lead3@test.com
lead4,lead4@test.com
lead5,lead5@test.com
lead6,lead6@test.com
lead7,lead7@test.com
lead8,lead8@test.com
lead9,lead9@test.com
lead10,lead10@test.com
lead11,lead11@test.com
lead12,lead12@test.com
lead13,lead13@test.com
lead14,lead14@test.com
lead15,lead15@test.com
lead16,lead16@test.com
lead17,lead17@test.com
lead18,lead18@test.com
lead19,lead19@test.com
lead20,lead20@test.com
lead21,lead21@test.com
lead22,lead22@test.com
lead23,lead23@test.com
lead24,lead24@test.com
lead25,lead25@test.com
lead26,lead26@test.com
lead27,lead27@test.com
lead28,lead28@test.com
lead29,lead29@test.com
lead30,lead30@test.com
lead31,lead31@test.com
lead32,lead32@test.com
lead33,lead33@test.com
lead34,lead34@test.com
lead35,lead35@test.com
lead36,lead36@test.com
lead37,lead37@test.com
lead38,lead38@test.com
lead39,lead39@test.com
lead40,lead40@test.com
lead41,lead41@test.com
lead42,lead42@test.com
lead43,lead43@test.com
lead44,lead44@test.com
lead45,lead45@test.com
lead46,lead46@test.com
lead47,lead47@test.com
lead48,lead48@test.com
lead49,lead49@test.com
lead50,lead50@test.com
lead51,lead51@test.com
lead52,lead52@test.com
lead53,lead53@test.com
lead54,lead54@test.com
lead55,lead55@test.com
lead56,lead56@test.com
lead57,lead57@test.com
lead58,lead58@test.com
lead59,lead59@test.com
lead60,lead60@test.com
lead61,lead61@test.com
lead62,lead62@test.com
lead63,lead63@test.com
lead64,lead64@test.com
lead65,lead65@test.com
lead66,lead66@test.com
lead67,lead67@test.com
lead68,lead68@test.com
lead69,lead69@test.com
lead70,lead70@test.com
lead71,lead71@test.com
lead72,lead72@test.com
lead73,lead73@test.com
lead74,lead74@test.com
lead75,lead75@test.com
lead76,lead76@test.com
lead77,lead77@test.com
lead78,lead78@test.com
lead79,lead79@test.com
lead80,lead80@test.com
lead81,lead81@test.com
lead82,lead82@test.com
lead83,lead83@test.com
lead84,lead84@test.com
lead85,lead85@test.com
lead86,lead86@test.com
lead87,lead87@test.com
lead88,lead88@test.com
lead89,lead89@test.com
lead90,lead90@test.com
lead91,lead91@test.com
lead92,lead92@test.com
lead93,lead93@test.com
lead94,lead94@test.com
lead95,lead95@test.com
lead96,lead96@test.com
lead97,lead97@test.com
lead98,lead98@test.com
lead99,lead99@test.com
lead100,lead100@test.com
lead101,lead101@test.com
lead102,lead102@test.com
lead103,lead103@test.com
lead104,lead104@test.com
lead105,lead105@test.com
lead106,lead106@test.com
lead107,lead107@test.com
lead108,lead108@test.com
lead109,lead109@test.com
lead110,lead110@test.com
lead111,lead111@test.com
lead112,lead112@test.com
lead113,lead113@test.com
lead114,lead114@test.com
lead115,lead115@test.com
lead116,lead116@test.com
lead117,lead117@test.com
lead118,lead118@test.com
lead119,lead119@test.com
lead120,lead120@test.com
lead121,lead121@test.com
lead122,lead122@test.com
lead123,lead123@test.com
lead124,lead124@test.com
lead125,lead125@test.com
lead126,lead126@test.com
lead127,lead127@test.com
lead128,lead128@test.com
lead129,lead129@test.com
lead130,lead130@test.com
lead131,lead131@test.com
lead132,lead132@test.com
lead133,lead133@test.com
lead134,lead134@test.com
lead135,lead135@test.com
lead136,lead136@test.com
lead137,lead137@test.com
lead138,lead138@test.com
lead139,lead139@test.com
lead140,lead140@test.com
lead141,lead141@test.com
lead142,lead142@test.com
lead143,lead143@test.com
lead144,lead144@test.com
lead145,lead145@test.com
lead146,lead146@test.com
lead147,lead147@test.com
lead148,lead148@test.com
lead149,lead149@test.com
lead150,lead150@test.com
lead151,lead151@test.com
lead152,lead152@test.com
lead153,lead153@test.com
lead154,lead154@test.com
lead155,lead155@test.com
lead156,lead156@test.com
lead157,lead157@test.com
lead158,lead158@test.com
lead159,lead159@test.com
lead160,lead160@test.com
lead161,lead161@test.com
lead162,lead162@test.com
lead163,lead163@test.com
lead164,lead164@test.com
lead165,lead165@test.com
lead166,lead166@test.com
lead167,lead167@test.com
lead168,lead168@test.com
lead169,lead169@test.com
lead170,lead170@test.com
lead171,lead171@test.com
lead172,lead172@test.com
lead173,lead173@test.com
lead174,lead174@test.com
lead175,lead175@test.com
lead176,lead176@test.com
lead177,lead177@test.com
lead178,lead178@test.com
lead179,lead179@test.com
lead180,lead180@test.com
lead181,lead181@test.com
lead182,lead182@test.com
lead183,lead183@test.com
lead184,lead184@test.com
lead185,lead185@test.com
lead186,lead186@test.com
lead187,lead187@test.com
lead188,lead188@test.com
lead189,lead189@test.com
lead190,lead190@test.com
lead191,lead191@test.com
lead192,lead192@test.com
lead193,lead193@test.com
lead194,lead194@test.com
lead195,lead195@test.com
lead196,lead196@test.com
lead197,lead197@test.com
lead198,lead198@test.com
lead199,lead199@test.com
lead200,lead200@test.com
lead201,lead201@test.com
lead202,lead202@test.com
lead203,lead203@test.com
lead204,lead204@test.com
lead205,lead205@test.com
lead206,lead206@test.com
lead207,lead207@test.com
lead208,lead208@test.com
lead209,lead209@test.com
lead210,lead210@test.com
lead211,lead211@test.com
lead212,lead212@test.com
lead213,lead213@test.com
lead214,lead214@test.com
lead215,lead215@test.com
lead216,lead216@test.com
lead217,lead217@test.com
lead218,lead218@test.com
lead219,lead219@test.com
lead220,lead220@test.com
lead221,lead221@test.com
lead222,lead222@test.com
lead223,lead223@test.com
lead224,lead224@test.com
lead225,lead225@test.com
lead226,lead226@test.com
lead227,lead227@test.com
lead228,lead228@test.com
lead229,lead229@test.com
lead230,lead230@test.com
lead231,lead231@test.com
lead232,lead232@test.com
lead233,lead233@test.com
lead234,lead234@test.com
lead235,lead235@test.com
lead236,lead236@test.com
lead237,lead237@test.com
lead238,lead238@test.com
lead239,lead239@test.com
lead240,lead240@test.com
lead241,lead241@test.com
lead242,lead242@test.com
lead243,lead243@test.com
lead244,lead244@test.com
lead245,lead245@test.com
lead246,lead246@test.com
lead247,lead247@test.com
lead248,lead248@test.com
lead249,lead249@test.com
lead250,lead250@test.com
lead251,lead251@test.com
lead252,lead252@test.com
lead253,lead253@test.com
lead254,lead254@test.com
lead255,lead255@test.com
lead256,lead256@test.com
lead257,lead257@test.com
lead258,lead258@test.com
lead259,lead259@test.com
lead260,lead260@test.com
lead261,lead261@test.com
lead262,lead262@test.com
lead263,lead263@test.com
lead264,lead264@test.com
lead265,lead265@test.com
lead266,lead266@test.com
lead267,lead267@test.com
lead268,lead268@test.com
lead269,lead269@test.com
lead270,lead270@test.com
lead271,lead271@test.com
lead272,lead272@test.com
lead273,lead273@test.com
lead274,lead274@test.com
lead275,lead275@test.com
lead276,lead276@test.com
lead277,lead277@test.com
lead278,lead278@test.com
lead279,lead279@test.com
lead280,lead280@test.com
lead281,lead281@test.com
lead282,lead282@test.com
lead283,lead283@test.com
lead284,lead284@test.com
lead285,lead285@test.com
lead286,lead286@test.com
lead287,lead287@test.com
lead288,lead288@test.com
lead289,lead289@test.com
lead290,lead290@test.com
lead291,lead291@test.com
lead292,lead292@test.com
lead293,lead293@test.com
lead294,lead294@test.com
lead295,lead295@test.com
lead296,lead296@test.com
lead297,lead297@test.com
lead298,lead298@test.com
lead299,lead299@test.com
lead300,lead300@test.com
lead301,lead301@test.com
lead302,lead302@test.com
lead303,lead303@test.com
lead304,lead304@test.com
lead305,lead305@test.com
lead306,lead306@test.com
lead307,lead307@test.com
lead308,lead308@test.com
lead309,lead309@test.com
lead310,lead310@test.com
lead311,lead311@test.com
lead312,lead312@test.com
lead313,lead313@test.com
lead314,lead314@test.com
lead315,lead315@test.com
lead316,lead316@test.com
lead317,lead317@test.com
lead318,lead318@test.com
lead319,lead319@test.com
lead320,lead320@test.com
lead321,lead321@test.com
lead322,lead322@test.com
lead323,lead323@test.com
lead324,lead324@test.com
lead325,lead325@test.com
lead326,lead326@test.com
lead327,lead327@test.com
lead328,lead328@test.com
lead329,lead329@test.com
lead330,lead330@test.com
lead331,lead331@test.com
lead332,lead332@test.com
lead333,lead333@test.com
lead334,lead334@test.com
lead335,lead335@test.com
lead336,lead336@test.com
lead337,lead337@test.com
lead338,lead338@test.com
lead339,lead339@test.com
lead340,lead340@test.com
lead341,lead341@test.com
lead342,lead342@test.com
lead343,lead343@test.com
lead344,lead344@test.com
lead345,lead345@test.com
lead346,lead346@test.com
lead347,lead347@test.com
lead348,lead348@test.com
lead349,lead349@test.com
lead350,lead350@test.com
lead351,lead351@test.com
lead352,lead352@test.com
lead353,lead353@test.com
lead354,lead354@test.com
lead355,lead355@test.com
lead356,lead356@test.com
lead357,lead357@test.com
lead358,lead358@test.com
lead359,lead359@test.com
lead360,lead360@test.com
lead361,lead361@test.com
lead362,lead362@test.com
lead363,lead363@test.com
lead364,lead364@test.com
lead365,lead365@test.com
lead366,lead366@test.com
lead367,lead367@test.com
lead368,lead368@test.com
lead369,lead369@test.com
lead370,lead370@test.com
lead371,lead371@test.com
lead372,lead372@test.com
lead373,lead373@test.com
lead374,lead374@test.com
lead375,lead375@test.com
lead376,lead376@test.com
lead377,lead377@test.com
lead378,lead378@test.com
lead379,lead379@test.com
lead380,lead380@test.com
lead381,lead381@test.com
lead382,lead382@test.com
lead383,lead383@test.com
lead384,lead384@test.com
lead385,lead385@test.com
lead386,lead386@test.com
lead387,lead387@test.com
lead388,lead388@test.com
lead389,lead389@test.com
lead390,lead390@test.com
lead391,lead391@test.com
lead392,lead392@test.com
lead393,lead393@test.com
lead394,lead394@test.com
lead395,lead395@test.com
lead396,lead396@test.com
lead397,lead397@test.com
lead398,lead398@test.com
lead399,lead399@test.com
lead400,lead400@test.com
lead401,lead401@test.com
lead402,lead402@test.com
lead403,lead403@test.com
lead404,lead404@test.com
lead405,lead405@test.com
lead406,lead406@test.com
lead407,lead407@test.com
lead408,lead408@test.com
lead409,lead409@test.com
lead410,lead410@test.com
lead411,lead411@test.com
lead412,lead412@test.com
lead413,lead413@test.com
lead414,lead414@test.com
lead415,lead415@test.com
lead416,lead416@test.com
lead417,lead417@test.com
lead418,lead418@test.com
lead419,lead419@test.com
lead420,lead420@test.com
lead421,lead421@test.com
lead422,lead422@test.com
lead423,lead423@test.com
lead424,lead424@test.com
lead425,lead425@test.com
lead426,lead426@test.com
lead427,lead427@test.com
lead428,lead428@test.com
lead429,lead429@test.com
lead430,lead430@test.com
lead431,lead431@test.com
lead432,lead432@test.com
lead433,lead433@test.com
lead434,lead434@test.com
lead435,lead435@test.com
lead436,lead436@test.com
lead437,lead437@test.com
lead438,lead438@test.com
lead439,lead439@test.com
lead440,lead440@test.com
lead441,lead441@test.com
lead442,lead442@test.com
lead443,lead443@test.com
lead444,lead444@test.com
lead445,lead445@test.com
lead446,lead446@test.com
lead447,lead447@test.com
lead448,lead448@test.com
lead449,lead449@test.com
lead450,lead450@test.com
lead451,lead451@test.com
lead452,lead452@test.com
lead453,lead453@test.com
lead454,lead454@test.com
lead455,lead455@test.com
lead456,lead456@test.com
lead457,lead457@test.com
lead458,lead458@test.com
lead459,lead459@test.com
lead460,lead460@test.com
lead461,lead461@test.com
lead462,lead462@test.com
lead463,lead463@test.com
lead464,lead464@test.com
lead465,lead465@test.com
lead466,lead466@test.com
lead467,lead467@test.com
lead468,lead468@test.com
lead469,lead469@test.com
lead470,lead470@test.com
lead471,lead471@test.com
lead472,lead472@test.com
lead473,lead473@test.com
lead474,lead474@test.com
lead475,lead475@test.com
lead476,lead476@test.com
lead477,lead477@test.com
lead478,lead478@test.com
lead479,lead479@test.com
lead480,lead480@test.com
lead481,lead481@test.com
lead482,lead482@test.com
lead483,lead483@test.com
lead484,lead484@test.com
lead485,lead485@test.com
lead486,lead486@test.com
lead487,lead487@test.com
lead488,lead488@test.com
lead489,lead489@test.com
lead490,lead490@test.com
lead491,lead491@test.com
lead492,lead492@test.com
lead493,lead493@test.com
lead494,lead494@test.com
lead495,lead495@test.com
lead496,lead496@test.com
lead497,lead497@test.com
lead498,lead498@test.com
lead499,lead499@test.com
lead500,lead500@test.com
lead501,lead501@test.com
lead502,lead502@test.com
lead503,lead503@test.com
lead504,lead504@test.com
lead505,lead505@test.com
lead506,lead506@test.com
lead507,lead507@test.com
lead508,lead508@test.com
lead509,lead509@test.com
lead510,lead510@test.com
lead511,lead511@test.com
lead512,lead512@test.com
lead513,lead513@test.com
lead514,lead514@test.com
lead515,lead515@test.com
lead516,lead516@test.com
lead517,lead517@test.com
lead518,lead518@test.com
lead519,lead519@test.com
lead520,lead520@test.com
lead521,lead521@test.com
lead522,lead522@test.com
lead523,lead523@test.com
lead524,lead524@test.com
lead525,lead525@test.com
lead526,lead526@test.com
lead527,lead527@test.com
lead528,lead528@test.com
lead529,lead529@test.com
lead530,lead530@test.com
lead531,lead531@test.com
lead532,lead532@test.com
lead533,lead533@test.com
lead534,lead534@test.com
lead535,lead535@test.com
lead536,lead536@test.com
lead537,lead537@test.com
lead538,lead538@test.com
lead539,lead539@test.com
lead540,lead540@test.com
lead541,lead541@test.com
lead542,lead542@test.com
lead543,lead543@test.com
lead544,lead544@test.com
lead545,lead545@test.com
lead546,lead546@test.com
lead547,lead547@test.com
lead548,lead548@test.com
lead549,lead549@test.com
lead550,lead550@test.com
lead551,lead551@test.com
lead552,lead552@test.com
lead553,lead553@test.com
lead554,lead554@test.com
lead555,lead555@test.com
lead556,lead556@test.com
lead557,lead557@test.com
lead558,lead558@test.com
lead559,lead559@test.com
lead560,lead560@test.com
lead561,lead561@test.com
lead562,lead562@test.com
lead563,lead563@test.com
lead564,lead564@test.com
lead565,lead565@test.com
lead566,lead566@test.com
lead567,lead567@test.com
lead568,lead568@test.com
lead569,lead569@test.com
lead570,lead570@test.com
lead571,lead571@test.com
lead572,lead572@test.com
lead573,lead573@test.com
lead574,lead574@test.com
lead575,lead575@test.com
lead576,lead576@test.com
lead577,lead577@test.com
lead578,lead578@test.com
lead579,lead579@test.com
lead580,lead580@test.com
lead581,lead581@test.com
lead582,lead582@test.com
lead583,lead583@test.com
lead584,lead584@test.com
lead585,lead585@test.com
lead586,lead586@test.com
lead587,lead587@test.com
lead588,lead588@test.com
lead589,lead589@test.com
lead590,lead590@test.com
lead591,lead591@test.com
lead592,lead592@test.com
lead593,lead593@test.com
lead594,lead594@test.com
lead595,lead595@test.com
lead596,lead596@test.com
lead597,lead597@test.com
lead598,lead598@test.com
lead599,lead599@test.com
lead600,lead600@test.com
lead601,lead601@test.com
lead602,lead602@test.com
lead603,lead603@test.com
lead604,lead604@test.com
lead605,lead605@test.com
lead606,lead606@test.com
lead607,lead607@test.com
lead608,lead608@test.com
lead609,lead609@test.com
lead610,lead610@test.com
lead611,lead611@test.com
lead612,lead612@test.com
lead613,lead613@test.com
lead614,lead614@test.com
lead615,lead615@test.com
lead616,lead616@test.com
lead617,lead617@test.com
lead618,lead618@test.com
lead619,lead619@test.com
lead620,lead620@test.com
lead621,lead621@test.com
lead622,lead622@test.com
lead623,lead623@test.com
lead624,lead624@test.com
lead625,lead625@test.com
lead626,lead626@test.com
lead627,lead627@test.com
lead628,lead628@test.com
lead629,lead629@test.com
lead630,lead630@test.com
lead631,lead631@test.com
lead632,lead632@test.com
lead633,lead633@test.com
lead634,lead634@test.com
lead635,lead635@test.com
lead636,lead636@test.com
lead637,lead637@test.com
lead638,lead638@test.com
lead639,lead639@test.com
lead640,lead640@test.com
lead641,lead641@test.com
lead642,lead642@test.com
lead643,lead643@test.com
lead644,lead644@test.com
lead645,lead645@test.com
lead646,lead646@test.com
lead647,lead647@test.com
lead648,lead648@test.com
lead649,lead649@test.com
lead650,lead650@test.com
lead651,lead651@test.com
lead652,lead652@test.com
lead653,lead653@test.com
lead654,lead654@test.com
lead655,lead655@test.com
lead656,lead656@test.com
lead657,lead657@test.com
lead658,lead658@test.com
lead659,lead659@test.com
lead660,lead660@test.com
lead661,lead661@test.com
lead662,lead662@test.com
lead663,lead663@test.com
lead664,lead664@test.com
lead665,lead665@test.com
lead666,lead666@test.com
lead667,lead667@test.com
lead668,lead668@test.com
lead669,lead669@test.com
lead670,lead670@test.com
lead671,lead671@test.com
lead672,lead672@test.com
lead673,lead673@test.com
lead674,lead674@test.com
lead675,lead675@test.com
lead676,lead676@test.com
lead677,lead677@test.com
lead678,lead678@test.com
lead679,lead679@test.com
lead680,lead680@test.com
lead681,lead681@test.com
lead682,lead682@test.com
lead683,lead683@test.com
lead684,lead684@test.com
lead685,lead685@test.com
lead686,lead686@test.com
lead687,lead687@test.com
lead688,lead688@test.com
lead689,lead689@test.com
lead690,lead690@test.com
lead691,lead691@test.com
lead692,lead692@test.com
lead693,lead693@test.com
lead694,lead694@test.com
lead695,lead695@test.com
lead696,lead696@test.com
lead697,lead697@test.com
lead698,lead698@test.com
lead699,lead699@test.com
lead700,lead700@test.com
lead701,lead701@test.com
lead702,lead702@test.com
lead703,lead703@test.com
lead704,lead704@test.com
lead705,lead705@test.com
lead706,lead706@test.com
lead707,lead707@test.com
lead708,lead708@test.com
lead709,lead709@test.com
lead710,lead710@test.com
lead711,lead711@test.com
lead712,lead712@test.com
lead713,lead713@test.com
lead714,lead714@test.com
lead715,lead715@test.com
lead716,lead716@test.com
lead717,lead717@test.com
lead718,lead718@test.com
lead719,lead719@test.com
lead720,lead720@test.com
lead721,lead721@test.com
lead722,lead722@test.com
lead723,lead723@test.com
lead724,lead724@test.com
lead725,lead725@test.com
lead726,lead726@test.com
lead727,lead727@test.com
lead728,lead728@test.com
lead729,lead729@test.com
lead730,lead730@test.com
lead731,lead731@test.com
lead732,lead732@test.com
lead733,lead733@test.com
lead734,lead734@test.com
lead735,lead735@test.com
lead736,lead736@test.com
lead737,lead737@test.com
lead738,lead738@test.com
lead739,lead739@test.com
lead740,lead740@test.com
lead741,lead741@test.com
lead742,lead742@test.com
lead743,lead743@test.com
lead744,lead744@test.com
lead745,lead745@test.com
lead746,lead746@test.com
lead747,lead747@test.com
lead748,lead748@test.com
lead749,lead749@test.com
lead750,lead750@test.com
lead751,lead751@test.com
lead752,lead752@test.com
lead753,lead753@test.com
lead754,lead754@test.com
lead755,lead755@test.com
lead756,lead756@test.com
lead757,lead757@test.com
lead758,lead758@test.com
lead759,lead759@test.com
lead760,lead760@test.com
lead761,lead761@test.com
lead762,lead762@test.com
lead763,lead763@test.com
lead764,lead764@test.com
lead765,lead765@test.com
lead766,lead766@test.com
lead767,lead767@test.com
lead768,lead768@test.com
lead769,lead769@test.com
lead770,lead770@test.com
lead771,lead771@test.com
lead772,lead772@test.com
lead773,lead773@test.com
lead774,lead774@test.com
lead775,lead775@test.com
lead776,lead776@test.com
lead777,lead777@test.com
lead778,lead778@test.com
lead779,lead779@test.com
lead780,lead780@test.com
lead781,lead781@test.com
lead782,lead782@test.com
lead783,lead783@test.com
lead784,lead784@test.com
lead785,lead785@test.com
lead786,lead786@test.com
lead787,lead787@test.com
lead788,lead788@test.com
lead789,lead789@test.com
lead790,lead790@test.com
lead791,lead791@test.com
lead792,lead792@test.com
lead793,lead793@test.com
lead794,lead794@test.com
lead795,lead795@test.com
lead796,lead796@test.com
lead797,lead797@test.com
lead798,lead798@test.com
lead799,lead799@test.com
lead800,lead800@test.com
lead801,lead801@test.com
lead802,lead802@test.com
lead803,lead803@test.com
lead804,lead804@test.com
lead805,lead805@test.com
lead806,lead806@test.com
lead807,lead807@test.com
lead808,lead808@test.com
lead809,lead809@test.com
lead810,lead810@test.com
lead811,lead811@test.com
lead812,lead812@test.com
lead813,lead813@test.com
lead814,lead814@test.com
lead815,lead815@test.com
lead816,lead816@test.com
lead817,lead817@test.com
lead818,lead818@test.com
lead819,lead819@test.com
lead820,lead820@test.com
lead821,lead821@test.com
lead822,lead822@test.com
lead823,lead823@test.com
lead824,lead824@test.com
lead825,lead825@test.com
lead826,lead826@test.com
lead827,lead827@test.com
lead828,lead828@test.com
lead829,lead829@test.com
lead830,lead830@test.com
lead831,lead831@test.com
lead832,lead832@test.com
lead833,lead833@test.com
lead834,lead834@test.com
lead835,lead835@test.com
lead836,lead836@test.com
lead837,lead837@test.com
lead838,lead838@test.com
lead839,lead839@test.com
lead840,lead840@test.com
lead841,lead841@test.com
lead842,lead842@test.com
lead843,lead843@test.com
lead844,lead844@test.com
lead845,lead845@test.com
lead846,lead846@test.com
lead847,lead847@test.com
lead848,lead848@test.com
lead849,lead849@test.com
lead850,lead850@test.com
lead851,lead851@test.com
lead852,lead852@test.com
lead853,lead853@test.com
lead854,lead854@test.com
lead855,lead855@test.com
lead856,lead856@test.com
lead857,lead857@test.com
lead858,lead858@test.com
lead859,lead859@test.com
lead860,lead860@test.com
lead861,lead861@test.com
lead862,lead862@test.com
lead863,lead863@test.com
lead864,lead864@test.com
lead865,lead865@test.com
lead866,lead866@test.com
lead867,lead867@test.com
lead868,lead868@test.com
lead869,lead869@test.com
lead870,lead870@test.com
lead871,lead871@test.com
lead872,lead872@test.com
lead873,lead873@test.com
lead874,lead874@test.com
lead875,lead875@test.com
lead876,lead876@test.com
lead877,lead877@test.com
lead878,lead878@test.com
lead879,lead879@test.com
lead880,lead880@test.com
lead881,lead881@test.com
lead882,lead882@test.com
lead883,lead883@test.com
lead884,lead884@test.com
lead885,lead885@test.com
lead886,lead886@test.com
lead887,lead887@test.com
lead888,lead888@test.com
lead889,lead889@test.com
lead890,lead890@test.com
lead891,lead891@test.com
lead892,lead892@test.com
lead893,lead893@test.com
lead894,lead894@test.com
lead895,lead895@test.com
lead896,lead896@test.com
lead897,lead897@test.com
lead898,lead898@test.com
lead899,lead899@test.com
lead900,lead900@test.com
lead901,lead901@test.com
lead902,lead902@test.com
lead903,lead903@test.com
lead904,lead904@test.com
lead905,lead905@test.com
lead906,lead906@test.com
lead907,lead907@test.com
lead908,lead908@test.com
lead909,lead909@test.com
lead910,lead910@test.com
lead911,lead911@test.com
lead912,lead912@test.com
lead913,lead913@test.com
lead914,lead914@test.com
lead915,lead915@test.com
lead916,lead916@test.com
lead917,lead917@test.com
lead918,lead918@test.com
lead919,lead919@test.com
lead920,lead920@test.com
lead921,lead921@test.com
lead922,lead922@test.com
lead923,lead923@test.com
lead924,lead924@test.com
lead925,lead925@test.com
lead926,lead926@test.com
lead927,lead927@test.com
lead928,lead928@test.com
lead929,lead929@test.com
lead930,lead930@test.com
lead931,lead931@test.com
lead932,lead932@test.com
lead933,lead933@test.com
lead934,lead934@test.com
lead935,lead935@test.com
lead936,lead936@test.com
lead937,lead937@test.com
lead938,lead938@test.com
lead939,lead939@test.com
lead940,lead940@test.com
lead941,lead941@test.com
lead942,lead942@test.com
lead943,lead943@test.com
lead944,lead944@test.com
lead945,lead945@test.com
lead946,lead946@test.com
lead947,lead947@test.com
lead948,lead948@test.com
lead949,lead949@test.com
lead950,lead950@test.com
lead951,lead951@test.com
lead952,lead952@test.com
lead953,lead953@test.com
lead954,lead954@test.com
lead955,lead955@test.com
lead956,lead956@test.com
lead957,lead957@test.com
lead958,lead958@test.com
lead959,lead959@test.com
lead960,lead960@test.com
lead961,lead961@test.com
lead962,lead962@test.com
lead963,lead963@test.com
lead964,lead964@test.com
lead965,lead965@test.com
lead966,lead966@test.com
lead967,lead967@test.com
lead968,lead968@test.com
lead969,lead969@test.com
lead970,lead970@test.com
lead971,lead971@test.com
lead972,lead972@test.com
lead973,lead973@test.com
lead974,lead974@test.com
lead975,lead975@test.com
lead976,lead976@test.com
lead977,lead977@test.com
lead978,lead978@test.com
lead979,lead979@test.com
lead980,lead980@test.com
lead981,lead981@test.com
lead982,lead982@test.com
lead983,lead983@test.com
lead984,lead984@test.com
lead985,lead985@test.com
lead986,lead986@test.com
lead987,lead987@test.com
lead988,lead988@test.com
lead989,lead989@test.com
lead990,lead990@test.com
lead991,lead991@test.com
lead992,lead992@test.com
lead993,lead993@test.com
lead994,lead994@test.com
lead995,lead995@test.com
lead996,lead996@test.com
lead997,lead997@test.com
lead998,lead998@test.com
lead999,lead999@test.com
lead1000,lead1000@test.com
